[
{
  "model": "contenttypes.contenttype", 
  "pk": 1, 
  "fields": {
    "model": "logentry", 
    "app_label": "admin", 
    "name": "log entry"
  }
},
{
  "model": "contenttypes.contenttype", 
  "pk": 2, 
  "fields": {
    "model": "permission", 
    "app_label": "auth", 
    "name": "permission"
  }
},
{
  "model": "contenttypes.contenttype", 
  "pk": 3, 
  "fields": {
    "model": "group", 
    "app_label": "auth", 
    "name": "group"
  }
},
{
  "model": "contenttypes.contenttype", 
  "pk": 4, 
  "fields": {
    "model": "user", 
    "app_label": "auth", 
    "name": "user"
  }
},
{
  "model": "contenttypes.contenttype", 
  "pk": 5, 
  "fields": {
    "model": "contenttype", 
    "app_label": "contenttypes", 
    "name": "content type"
  }
},
{
  "model": "contenttypes.contenttype", 
  "pk": 6, 
  "fields": {
    "model": "session", 
    "app_label": "sessions", 
    "name": "session"
  }
},
{
  "model": "contenttypes.contenttype", 
  "pk": 7, 
  "fields": {
    "model": "address", 
    "app_label": "sharetools", 
    "name": "address"
  }
},
{
  "model": "contenttypes.contenttype", 
  "pk": 8, 
  "fields": {
    "model": "location", 
    "app_label": "sharetools", 
    "name": "location"
  }
},
{
  "model": "contenttypes.contenttype", 
  "pk": 9, 
  "fields": {
    "model": "userprofile", 
    "app_label": "sharetools", 
    "name": "user profile"
  }
},
{
  "model": "contenttypes.contenttype", 
  "pk": 10, 
  "fields": {
    "model": "asset_type", 
    "app_label": "sharetools", 
    "name": "asset_ type"
  }
},
{
  "model": "contenttypes.contenttype", 
  "pk": 11, 
  "fields": {
    "model": "asset", 
    "app_label": "sharetools", 
    "name": "asset"
  }
},
{
  "model": "contenttypes.contenttype", 
  "pk": 12, 
  "fields": {
    "model": "sharecontract", 
    "app_label": "sharetools", 
    "name": "share contract"
  }
},
{
  "model": "contenttypes.contenttype", 
  "pk": 13, 
  "fields": {
    "model": "membership", 
    "app_label": "sharetools", 
    "name": "membership"
  }
},
{
  "model": "contenttypes.contenttype", 
  "pk": 14, 
  "fields": {
    "model": "message", 
    "app_label": "messaging", 
    "name": "message"
  }
},
{
  "model": "sessions.session", 
  "pk": "us6bihg9glaxbrfuosi2hbfux3gk5lwb", 
  "fields": {
    "session_data": "NWM2NzgyNzUyOWVkZDgyMDg2OWNmNjM1ZGFjZWRmOWIyYzM5ZmY1NDp7Il9hdXRoX3VzZXJfaWQiOjQsIl9hdXRoX3VzZXJfYmFja2VuZCI6ImRqYW5nby5jb250cmliLmF1dGguYmFja2VuZHMuTW9kZWxCYWNrZW5kIn0=", 
    "expire_date": "2014-05-08T19:09:30.189Z"
  }
},
{
  "model": "sharetools.address", 
  "pk": 1, 
  "fields": {
    "state": "Massachusetts", 
    "street": "98 Howard st.", 
    "city": "Melrose", 
    "country": "United States", 
    "zipcode": "02176"
  }
},
{
  "model": "sharetools.address", 
  "pk": 2, 
  "fields": {
    "state": "California", 
    "street": "32 Fake dr", 
    "city": "Salem", 
    "country": "United States", 
    "zipcode": "82318"
  }
},
{
  "model": "sharetools.asset_type", 
  "pk": 3, 
  "fields": {
    "description": "A power tool is a tool that is actuated by an additional power source and mechanism other than the solely manual labour used with hand tools.", 
    "name": "Power Tool"
  }
},
{
  "model": "sharetools.asset_type", 
  "pk": 4, 
  "fields": {
    "description": "Be safe than sorry", 
    "name": "Safety & Security"
  }
},
{
  "model": "sharetools.asset_type", 
  "pk": 5, 
  "fields": {
    "description": "Keep those bushes looking McFly", 
    "name": "Lawn & Gardening"
  }
},
{
  "model": "sharetools.asset_type", 
  "pk": 6, 
  "fields": {
    "description": "If it has a plug, it might belong here", 
    "name": "Electronics & Computers"
  }
},
{
  "model": "sharetools.asset_type", 
  "pk": 7, 
  "fields": {
    "description": "Anything doesn't really fit anywhere else", 
    "name": "Miscellaneous"
  }
},
{
  "model": "auth.permission", 
  "pk": 1, 
  "fields": {
    "codename": "add_logentry", 
    "content_type": 1, 
    "name": "Can add log entry"
  }
},
{
  "model": "auth.permission", 
  "pk": 2, 
  "fields": {
    "codename": "change_logentry", 
    "content_type": 1, 
    "name": "Can change log entry"
  }
},
{
  "model": "auth.permission", 
  "pk": 3, 
  "fields": {
    "codename": "delete_logentry", 
    "content_type": 1, 
    "name": "Can delete log entry"
  }
},
{
  "model": "auth.permission", 
  "pk": 4, 
  "fields": {
    "codename": "add_permission", 
    "content_type": 2, 
    "name": "Can add permission"
  }
},
{
  "model": "auth.permission", 
  "pk": 5, 
  "fields": {
    "codename": "change_permission", 
    "content_type": 2, 
    "name": "Can change permission"
  }
},
{
  "model": "auth.permission", 
  "pk": 6, 
  "fields": {
    "codename": "delete_permission", 
    "content_type": 2, 
    "name": "Can delete permission"
  }
},
{
  "model": "auth.permission", 
  "pk": 7, 
  "fields": {
    "codename": "add_group", 
    "content_type": 3, 
    "name": "Can add group"
  }
},
{
  "model": "auth.permission", 
  "pk": 8, 
  "fields": {
    "codename": "change_group", 
    "content_type": 3, 
    "name": "Can change group"
  }
},
{
  "model": "auth.permission", 
  "pk": 9, 
  "fields": {
    "codename": "delete_group", 
    "content_type": 3, 
    "name": "Can delete group"
  }
},
{
  "model": "auth.permission", 
  "pk": 10, 
  "fields": {
    "codename": "add_user", 
    "content_type": 4, 
    "name": "Can add user"
  }
},
{
  "model": "auth.permission", 
  "pk": 11, 
  "fields": {
    "codename": "change_user", 
    "content_type": 4, 
    "name": "Can change user"
  }
},
{
  "model": "auth.permission", 
  "pk": 12, 
  "fields": {
    "codename": "delete_user", 
    "content_type": 4, 
    "name": "Can delete user"
  }
},
{
  "model": "auth.permission", 
  "pk": 13, 
  "fields": {
    "codename": "add_contenttype", 
    "content_type": 5, 
    "name": "Can add content type"
  }
},
{
  "model": "auth.permission", 
  "pk": 14, 
  "fields": {
    "codename": "change_contenttype", 
    "content_type": 5, 
    "name": "Can change content type"
  }
},
{
  "model": "auth.permission", 
  "pk": 15, 
  "fields": {
    "codename": "delete_contenttype", 
    "content_type": 5, 
    "name": "Can delete content type"
  }
},
{
  "model": "auth.permission", 
  "pk": 16, 
  "fields": {
    "codename": "add_session", 
    "content_type": 6, 
    "name": "Can add session"
  }
},
{
  "model": "auth.permission", 
  "pk": 17, 
  "fields": {
    "codename": "change_session", 
    "content_type": 6, 
    "name": "Can change session"
  }
},
{
  "model": "auth.permission", 
  "pk": 18, 
  "fields": {
    "codename": "delete_session", 
    "content_type": 6, 
    "name": "Can delete session"
  }
},
{
  "model": "auth.permission", 
  "pk": 19, 
  "fields": {
    "codename": "add_address", 
    "content_type": 7, 
    "name": "Can add address"
  }
},
{
  "model": "auth.permission", 
  "pk": 20, 
  "fields": {
    "codename": "change_address", 
    "content_type": 7, 
    "name": "Can change address"
  }
},
{
  "model": "auth.permission", 
  "pk": 21, 
  "fields": {
    "codename": "delete_address", 
    "content_type": 7, 
    "name": "Can delete address"
  }
},
{
  "model": "auth.permission", 
  "pk": 22, 
  "fields": {
    "codename": "add_location", 
    "content_type": 8, 
    "name": "Can add location"
  }
},
{
  "model": "auth.permission", 
  "pk": 23, 
  "fields": {
    "codename": "change_location", 
    "content_type": 8, 
    "name": "Can change location"
  }
},
{
  "model": "auth.permission", 
  "pk": 24, 
  "fields": {
    "codename": "delete_location", 
    "content_type": 8, 
    "name": "Can delete location"
  }
},
{
  "model": "auth.permission", 
  "pk": 25, 
  "fields": {
    "codename": "add_userprofile", 
    "content_type": 9, 
    "name": "Can add user profile"
  }
},
{
  "model": "auth.permission", 
  "pk": 26, 
  "fields": {
    "codename": "change_userprofile", 
    "content_type": 9, 
    "name": "Can change user profile"
  }
},
{
  "model": "auth.permission", 
  "pk": 27, 
  "fields": {
    "codename": "delete_userprofile", 
    "content_type": 9, 
    "name": "Can delete user profile"
  }
},
{
  "model": "auth.permission", 
  "pk": 28, 
  "fields": {
    "codename": "add_asset_type", 
    "content_type": 10, 
    "name": "Can add asset_ type"
  }
},
{
  "model": "auth.permission", 
  "pk": 29, 
  "fields": {
    "codename": "change_asset_type", 
    "content_type": 10, 
    "name": "Can change asset_ type"
  }
},
{
  "model": "auth.permission", 
  "pk": 30, 
  "fields": {
    "codename": "delete_asset_type", 
    "content_type": 10, 
    "name": "Can delete asset_ type"
  }
},
{
  "model": "auth.permission", 
  "pk": 31, 
  "fields": {
    "codename": "add_asset", 
    "content_type": 11, 
    "name": "Can add asset"
  }
},
{
  "model": "auth.permission", 
  "pk": 32, 
  "fields": {
    "codename": "change_asset", 
    "content_type": 11, 
    "name": "Can change asset"
  }
},
{
  "model": "auth.permission", 
  "pk": 33, 
  "fields": {
    "codename": "delete_asset", 
    "content_type": 11, 
    "name": "Can delete asset"
  }
},
{
  "model": "auth.permission", 
  "pk": 34, 
  "fields": {
    "codename": "add_sharecontract", 
    "content_type": 12, 
    "name": "Can add share contract"
  }
},
{
  "model": "auth.permission", 
  "pk": 35, 
  "fields": {
    "codename": "change_sharecontract", 
    "content_type": 12, 
    "name": "Can change share contract"
  }
},
{
  "model": "auth.permission", 
  "pk": 36, 
  "fields": {
    "codename": "delete_sharecontract", 
    "content_type": 12, 
    "name": "Can delete share contract"
  }
},
{
  "model": "auth.permission", 
  "pk": 37, 
  "fields": {
    "codename": "add_membership", 
    "content_type": 13, 
    "name": "Can add membership"
  }
},
{
  "model": "auth.permission", 
  "pk": 38, 
  "fields": {
    "codename": "change_membership", 
    "content_type": 13, 
    "name": "Can change membership"
  }
},
{
  "model": "auth.permission", 
  "pk": 39, 
  "fields": {
    "codename": "delete_membership", 
    "content_type": 13, 
    "name": "Can delete membership"
  }
},
{
  "model": "auth.permission", 
  "pk": 40, 
  "fields": {
    "codename": "add_message", 
    "content_type": 14, 
    "name": "Can add message"
  }
},
{
  "model": "auth.permission", 
  "pk": 41, 
  "fields": {
    "codename": "change_message", 
    "content_type": 14, 
    "name": "Can change message"
  }
},
{
  "model": "auth.permission", 
  "pk": 42, 
  "fields": {
    "codename": "delete_message", 
    "content_type": 14, 
    "name": "Can delete message"
  }
},
{
  "model": "auth.user", 
  "pk": 1, 
  "fields": {
    "first_name": "", 
    "password": "pbkdf2_sha256$12000$Ekbg3AfK1biX$jN+PrpAAPOmwc5l/9Fa1fxXVVmBXF97O2uoKopkhthk=", 
    "user_permissions": [], 
    "is_staff": true, 
    "groups": [], 
    "date_joined": "2014-04-24T16:26:43.640Z", 
    "is_active": true, 
    "is_superuser": true, 
    "last_login": "2014-04-24T19:06:02.703Z", 
    "last_name": "", 
    "username": "super", 
    "email": ""
  }
},
{
  "model": "auth.user", 
  "pk": 2, 
  "fields": {
    "first_name": "Tod", 
    "password": "pbkdf2_sha256$12000$4g3AtOhYk5cf$W8FOsfgeROQ3tu97T3SuGNIJbRJOn3Qos8sFuaYxXBo=", 
    "user_permissions": [], 
    "is_staff": false, 
    "groups": [], 
    "date_joined": "2014-04-24T16:38:29.172Z", 
    "is_active": true, 
    "is_superuser": false, 
    "last_login": "2014-04-24T19:08:37.672Z", 
    "last_name": "Burger", 
    "username": "TodLove", 
    "email": "tod@tod.com"
  }
},
{
  "model": "auth.user", 
  "pk": 3, 
  "fields": {
    "first_name": "Stacy", 
    "password": "pbkdf2_sha256$12000$hvNdwQovLm0A$V/lww8sY5SFoSBtrQv59zApQrRxILagmIOzaXqR+RxY=", 
    "user_permissions": [], 
    "is_staff": false, 
    "groups": [], 
    "date_joined": "2014-04-24T16:44:03.153Z", 
    "is_active": true, 
    "is_superuser": false, 
    "last_login": "2014-04-24T18:50:51.265Z", 
    "last_name": "Leancup", 
    "username": "TurntStacy", 
    "email": "stacy88@yahoo.com"
  }
},
{
  "model": "auth.user", 
  "pk": 4, 
  "fields": {
    "first_name": "Test", 
    "password": "pbkdf2_sha256$12000$nJOAyBLoDJcX$wtWLAzoB9l03A02J84yzJPz+Kzfp2uTPEeo/b+Z4jy4=", 
    "user_permissions": [], 
    "is_staff": false, 
    "groups": [], 
    "date_joined": "2014-04-24T18:22:20.611Z", 
    "is_active": true, 
    "is_superuser": false, 
    "last_login": "2014-04-24T19:09:30.187Z", 
    "last_name": "User", 
    "username": "testuser", 
    "email": "testuser@testeruser.com"
  }
},
{
  "model": "sharetools.location", 
  "pk": 1, 
  "fields": {
    "inviteOnly": false, 
    "toolModeration": true, 
    "address": null, 
    "isCommunity": false, 
    "dateCreated": "2014-04-24T16:38:29.246Z", 
    "owner": 2, 
    "name": "Private Shed", 
    "isActive": true, 
    "isPrivate": true, 
    "description": "Your private shed.  Seems like a nice spot to put tools you may not want to share right now."
  }
},
{
  "model": "sharetools.location", 
  "pk": 2, 
  "fields": {
    "inviteOnly": false, 
    "toolModeration": true, 
    "address": 1, 
    "isCommunity": true, 
    "dateCreated": "2014-04-24T16:40:25.505Z", 
    "owner": 2, 
    "name": "Tod's House", 
    "isActive": true, 
    "isPrivate": false, 
    "description": "Yo bro's, come on down to my pad.  Its super chill and I basically just kick it 24/7.  I think Stacy might be coming over later too. Come on down brahhhz"
  }
},
{
  "model": "sharetools.location", 
  "pk": 3, 
  "fields": {
    "inviteOnly": false, 
    "toolModeration": true, 
    "address": null, 
    "isCommunity": false, 
    "dateCreated": "2014-04-24T16:44:03.223Z", 
    "owner": 3, 
    "name": "Private Shed", 
    "isActive": true, 
    "isPrivate": true, 
    "description": "Your private shed.  Seems like a nice spot to put tools you may not want to share right now."
  }
},
{
  "model": "sharetools.location", 
  "pk": 4, 
  "fields": {
    "inviteOnly": false, 
    "toolModeration": true, 
    "address": null, 
    "isCommunity": false, 
    "dateCreated": "2014-04-24T18:22:20.682Z", 
    "owner": 4, 
    "name": "Private Shed", 
    "isActive": true, 
    "isPrivate": true, 
    "description": "Your private shed.  Seems like a nice spot to put tools you may not want to share right now."
  }
},
{
  "model": "sharetools.location", 
  "pk": 5, 
  "fields": {
    "inviteOnly": false, 
    "toolModeration": true, 
    "address": 2, 
    "isCommunity": true, 
    "dateCreated": "2014-04-24T18:23:35.673Z", 
    "owner": 4, 
    "name": "Example Shed", 
    "isActive": true, 
    "isPrivate": false, 
    "description": "This is a test shed"
  }
},
{
  "model": "sharetools.userprofile", 
  "pk": 1, 
  "fields": {
    "up_votes": 1, 
    "votePercent": 50, 
    "user": 2, 
    "privateLocation": 1, 
    "down_votes": 1, 
    "zipcode": ""
  }
},
{
  "model": "sharetools.userprofile", 
  "pk": 2, 
  "fields": {
    "up_votes": 1, 
    "votePercent": 50, 
    "user": 3, 
    "privateLocation": 3, 
    "down_votes": 1, 
    "zipcode": ""
  }
},
{
  "model": "sharetools.userprofile", 
  "pk": 3, 
  "fields": {
    "up_votes": 2, 
    "votePercent": 100, 
    "user": 4, 
    "privateLocation": 4, 
    "down_votes": 0, 
    "zipcode": ""
  }
},
{
  "model": "sharetools.asset", 
  "pk": 1, 
  "fields": {
    "isAvailable": true, 
    "location": 2, 
    "owner": 2, 
    "name": "Hand Drill 3000", 
    "type": 3, 
    "description": "Just your top of the line Hand Drill 3000"
  }
},
{
  "model": "sharetools.asset", 
  "pk": 2, 
  "fields": {
    "isAvailable": true, 
    "location": 1, 
    "owner": 2, 
    "name": "Kindle Fire HD", 
    "type": 6, 
    "description": "My stupid parent's gave me this dumb Kindle Fire HD, when I specially asked for the KINDLE FIRE HDX 8.9\".  I HATE YOU MOM!!"
  }
},
{
  "model": "sharetools.asset", 
  "pk": 3, 
  "fields": {
    "isAvailable": true, 
    "location": 3, 
    "owner": 3, 
    "name": "Extreme Lawn Mower", 
    "type": 5, 
    "description": "A first class lawn mower that really knows how to handle grass"
  }
},
{
  "model": "sharetools.asset", 
  "pk": 4, 
  "fields": {
    "isAvailable": true, 
    "location": 4, 
    "owner": 4, 
    "name": "Saftey Glasses", 
    "type": 4, 
    "description": "A pair of very low quality safety glasses.  Honestly you probably should even wear these.  I know I wouldn't."
  }
},
{
  "model": "sharetools.asset", 
  "pk": 5, 
  "fields": {
    "isAvailable": true, 
    "location": 2, 
    "owner": 2, 
    "name": "6FT Broad Swoard", 
    "type": 4, 
    "description": "Found this puppy in my G-Ma's garage after the funeral.  Its swings like it's brand new though! Rock on! - Tod"
  }
},
{
  "model": "sharetools.asset", 
  "pk": 6, 
  "fields": {
    "isAvailable": false, 
    "location": 2, 
    "owner": 2, 
    "name": "PS3 Controller", 
    "type": 6, 
    "description": "Yeah, you know this thing is Modded.  My boy D-Money got me the hook up."
  }
},
{
  "model": "sharetools.asset", 
  "pk": 7, 
  "fields": {
    "isAvailable": true, 
    "location": 5, 
    "owner": 4, 
    "name": "Power Hammer", 
    "type": 3, 
    "description": "This hammer will get the job done, when your average joe hammer just will not cut it"
  }
},
{
  "model": "sharetools.asset", 
  "pk": 8, 
  "fields": {
    "isAvailable": false, 
    "location": 5, 
    "owner": 4, 
    "name": "Pencil", 
    "type": 7, 
    "description": "The simple and elegant #2 pencil"
  }
},
{
  "model": "sharetools.asset", 
  "pk": 9, 
  "fields": {
    "isAvailable": true, 
    "location": 5, 
    "owner": 4, 
    "name": "Golden Plated Pencil Protector Pouch", 
    "type": 5, 
    "description": "*RARE* Never before opened.  Don't know why I am sharing it"
  }
},
{
  "model": "sharetools.sharecontract", 
  "pk": 1, 
  "fields": {
    "loanDate": "2014-04-24T17:34:02Z", 
    "lender": 2, 
    "comments": "Stacy is soooo chill, man...", 
    "rated": 1, 
    "borrower": 3, 
    "status": 3, 
    "returnDate": "2014-04-24T17:34:02Z", 
    "asset": 1
  }
},
{
  "model": "sharetools.sharecontract", 
  "pk": 2, 
  "fields": {
    "loanDate": "2014-04-24T17:42:40Z", 
    "lender": 2, 
    "comments": "WOW Stacy, you're awful.  There is no way I am ever inviting to my Birthday next year", 
    "rated": 2, 
    "borrower": 3, 
    "status": 3, 
    "returnDate": "2014-04-24T17:42:40Z", 
    "asset": 1
  }
},
{
  "model": "sharetools.sharecontract", 
  "pk": 3, 
  "fields": {
    "loanDate": "2014-04-24T18:31:05Z", 
    "lender": 2, 
    "comments": "Yeah testuser was great.  He came on time and even policed the sword after using it!", 
    "rated": 1, 
    "borrower": 4, 
    "status": 3, 
    "returnDate": "2014-04-24T18:31:05Z", 
    "asset": 5
  }
},
{
  "model": "sharetools.sharecontract", 
  "pk": 4, 
  "fields": {
    "loanDate": "2014-04-24T18:31:05Z", 
    "lender": 2, 
    "comments": "What can I say?  Testuser is my homeboy.  Quality sharing experience.   Next time he comes over to borrow something we're gonna have to play some fifa 2030", 
    "rated": 1, 
    "borrower": 4, 
    "status": 3, 
    "returnDate": "2014-04-24T18:31:05Z", 
    "asset": 6
  }
},
{
  "model": "sharetools.sharecontract", 
  "pk": 5, 
  "fields": {
    "loanDate": "2014-04-24T18:56:56Z", 
    "lender": 2, 
    "comments": "", 
    "rated": 0, 
    "borrower": 4, 
    "status": 1, 
    "returnDate": "2014-04-24T18:56:56Z", 
    "asset": 6
  }
},
{
  "model": "sharetools.sharecontract", 
  "pk": 6, 
  "fields": {
    "loanDate": "2014-04-24T18:56:56Z", 
    "lender": 4, 
    "comments": "Nice guy, but bad with timing.  He showed up 4 hrs late", 
    "rated": 1, 
    "borrower": 2, 
    "status": 3, 
    "returnDate": "2014-04-24T18:56:56Z", 
    "asset": 7
  }
},
{
  "model": "sharetools.sharecontract", 
  "pk": 7, 
  "fields": {
    "loanDate": "2014-04-24T18:56:56Z", 
    "lender": 4, 
    "comments": "Bad Share, returned item uncleaned", 
    "rated": 2, 
    "borrower": 2, 
    "status": 3, 
    "returnDate": "2014-04-24T18:56:56Z", 
    "asset": 9
  }
},
{
  "model": "sharetools.sharecontract", 
  "pk": 8, 
  "fields": {
    "loanDate": "2014-04-24T18:56:56Z", 
    "lender": 4, 
    "comments": "", 
    "rated": 0, 
    "borrower": 2, 
    "status": 1, 
    "returnDate": "2014-04-24T18:56:56Z", 
    "asset": 8
  }
},
{
  "model": "sharetools.sharecontract", 
  "pk": 9, 
  "fields": {
    "loanDate": "2014-04-24T18:56:56Z", 
    "lender": 4, 
    "comments": "", 
    "rated": 0, 
    "borrower": 2, 
    "status": 0, 
    "returnDate": "2014-04-24T18:56:56Z", 
    "asset": 7
  }
},
{
  "model": "sharetools.sharecontract", 
  "pk": 10, 
  "fields": {
    "loanDate": "2014-04-24T18:56:56Z", 
    "lender": 4, 
    "comments": "", 
    "rated": 0, 
    "borrower": 2, 
    "status": 0, 
    "returnDate": "2014-04-24T18:56:56Z", 
    "asset": 9
  }
},
{
  "model": "sharetools.sharecontract", 
  "pk": 11, 
  "fields": {
    "loanDate": "2014-04-24T18:56:56Z", 
    "lender": 2, 
    "comments": "", 
    "rated": 0, 
    "borrower": 4, 
    "status": 0, 
    "returnDate": "2014-04-24T18:56:56Z", 
    "asset": 5
  }
},
{
  "model": "sharetools.membership", 
  "pk": 1, 
  "fields": {
    "user": 2, 
    "role": 2, 
    "location": 1
  }
},
{
  "model": "sharetools.membership", 
  "pk": 2, 
  "fields": {
    "user": 2, 
    "role": 2, 
    "location": 2
  }
},
{
  "model": "sharetools.membership", 
  "pk": 3, 
  "fields": {
    "user": 3, 
    "role": 2, 
    "location": 3
  }
},
{
  "model": "sharetools.membership", 
  "pk": 4, 
  "fields": {
    "user": 3, 
    "role": 0, 
    "location": 2
  }
},
{
  "model": "sharetools.membership", 
  "pk": 5, 
  "fields": {
    "user": 4, 
    "role": 2, 
    "location": 4
  }
},
{
  "model": "sharetools.membership", 
  "pk": 6, 
  "fields": {
    "user": 4, 
    "role": 2, 
    "location": 5
  }
},
{
  "model": "sharetools.membership", 
  "pk": 7, 
  "fields": {
    "user": 4, 
    "role": 0, 
    "location": 2
  }
},
{
  "model": "sharetools.membership", 
  "pk": 9, 
  "fields": {
    "user": 3, 
    "role": 0, 
    "location": 5
  }
},
{
  "model": "sharetools.membership", 
  "pk": 11, 
  "fields": {
    "user": 2, 
    "role": 0, 
    "location": 5
  }
},
{
  "model": "messaging.message", 
  "pk": 1, 
  "fields": {
    "msg_from": 3, 
    "msg_to": 2, 
    "body": "What's crack'n?", 
    "subject": "Hey ", 
    "read": true
  }
},
{
  "model": "messaging.message", 
  "pk": 2, 
  "fields": {
    "msg_from": 2, 
    "msg_to": 4, 
    "body": "WELCOME TO THE TOD SHED BROOOO", 
    "subject": "Hey New guy, I just accepted you request", 
    "read": false
  }
},
{
  "model": "messaging.message", 
  "pk": 3, 
  "fields": {
    "msg_from": 3, 
    "msg_to": 4, 
    "body": "I'm thinking about starting my own shed.  Would you be interested in being a Moderator?", 
    "subject": "Hey I just heard you joined", 
    "read": true
  }
},
{
  "model": "admin.logentry", 
  "pk": 1, 
  "fields": {
    "change_message": "", 
    "action_flag": 1, 
    "action_time": "2014-04-24T16:32:41.449Z", 
    "object_id": "1", 
    "user": 1, 
    "object_repr": "Hammer", 
    "content_type": 10
  }
},
{
  "model": "admin.logentry", 
  "pk": 2, 
  "fields": {
    "change_message": "", 
    "action_flag": 1, 
    "action_time": "2014-04-24T16:33:04.815Z", 
    "object_id": "2", 
    "user": 1, 
    "object_repr": "Gun", 
    "content_type": 10
  }
},
{
  "model": "admin.logentry", 
  "pk": 3, 
  "fields": {
    "change_message": "", 
    "action_flag": 1, 
    "action_time": "2014-04-24T16:34:03.170Z", 
    "object_id": "3", 
    "user": 1, 
    "object_repr": "Power Tool", 
    "content_type": 10
  }
},
{
  "model": "admin.logentry", 
  "pk": 4, 
  "fields": {
    "change_message": "", 
    "action_flag": 1, 
    "action_time": "2014-04-24T16:34:59.404Z", 
    "object_id": "4", 
    "user": 1, 
    "object_repr": "Safety & Security", 
    "content_type": 10
  }
},
{
  "model": "admin.logentry", 
  "pk": 5, 
  "fields": {
    "change_message": "", 
    "action_flag": 1, 
    "action_time": "2014-04-24T16:36:06.171Z", 
    "object_id": "5", 
    "user": 1, 
    "object_repr": "Lawn & Gardening", 
    "content_type": 10
  }
},
{
  "model": "admin.logentry", 
  "pk": 6, 
  "fields": {
    "change_message": "", 
    "action_flag": 3, 
    "action_time": "2014-04-24T16:36:27.165Z", 
    "object_id": "2", 
    "user": 1, 
    "object_repr": "Gun", 
    "content_type": 10
  }
},
{
  "model": "admin.logentry", 
  "pk": 7, 
  "fields": {
    "change_message": "", 
    "action_flag": 3, 
    "action_time": "2014-04-24T16:36:27.169Z", 
    "object_id": "1", 
    "user": 1, 
    "object_repr": "Hammer", 
    "content_type": 10
  }
},
{
  "model": "admin.logentry", 
  "pk": 8, 
  "fields": {
    "change_message": "", 
    "action_flag": 1, 
    "action_time": "2014-04-24T16:37:19.010Z", 
    "object_id": "6", 
    "user": 1, 
    "object_repr": "Electronics & Computers", 
    "content_type": 10
  }
},
{
  "model": "admin.logentry", 
  "pk": 9, 
  "fields": {
    "change_message": "", 
    "action_flag": 1, 
    "action_time": "2014-04-24T18:46:50.291Z", 
    "object_id": "7", 
    "user": 1, 
    "object_repr": "Miscellaneous", 
    "content_type": 10
  }
},
{
  "model": "admin.logentry", 
  "pk": 10, 
  "fields": {
    "change_message": "", 
    "action_flag": 3, 
    "action_time": "2014-04-24T19:06:22.563Z", 
    "object_id": "10", 
    "user": 1, 
    "object_repr": "testuser is a Request in TodLove's Private Shed", 
    "content_type": 13
  }
}
]
